{
  "kind": "collectionType",
  "collectionName": "products",
  "info": {
    "singularName": "product",
    "pluralName": "products",
    "displayName": "Product",
    "description": ""
  },
  "options": {
    "draftAndPublish": true
  },
  "pluginOptions": {},
  "attributes": {
    "name": {
      "type": "string"
    },
    "price": {
      "type": "integer"
    },
    "in_stock": {
      "type": "integer"
    },
    "image": {
      "type": "media",
      "multiple": true,
      "required": false,
      "allowedTypes": [
        "images",
        "files",
        "videos",
        "audios"
      ]
    },
    "description": {
      "type": "richtext"
    },
    "category": {
      "type": "relation",
      "relation": "oneToOne",
      "target": "api::category.category"
    }
  }
}
